movie_img,movie_title,movie_title_e,movie_score,movi_content,movie_maker,movie_actor,reple_score,reple_content
https://movie-phinf.pstatic.net/20190411_137/1554973943268Tu8fN_JPEG/movie_image.jpg?type=m203_290_2,미성년,"Another Child
					
					, 
					2018",관람객 평점 8.42점,"같은 학교 2학년 주리(김혜준)와 윤아(박세진)가 학교 옥상에서 만났다. , 최근 주리의 아빠 대원(김윤석)과 윤아의 엄마 미희(김소진) 사이에 벌어진 일을 알게 된 두 사람., 이 상황이 커지는 것을 막고 싶은 주리는 어떻게든 엄마 영주(염정아) 몰래 수습해보려 하지만, 윤아는 어른들 일에는 관심 없다며 엮이지 않으려 한다. , 그 때, 떨어진 주리의 핸드폰을 뺏어든 윤아는 영주의 전화를 받아 , 그 동안 감춰왔던 엄청난 비밀을 폭로해 버리고, 이를 본 주리는 멘붕에 빠지게 되는데… , , 폭풍 같은 사건을 마주한 두 가족의 이야기가 시작된다.",김윤석,"염정아,김소진,김혜준","10,10,10,10,10","그동안 왜 김윤석이 감독과의의견으로계속싸웠는알꺼같음ㅋㅋ 연기만훌륭한줄알았는데 연출력도 섬세하고 훌륭함  ,박평식 7점이다 믿고보자  ,김윤석은 연기를 잘하는 것이 아니다. 영화를 잘하는것이다.  ,초짜 감독도 이리 잘만드는데...반성해라 기존 감독들  ,박평식이 올해의 데뷔작이란다 믿고 보자  "
https://movie-phinf.pstatic.net/20190306_280/1551849045570X4iac_JPEG/movie_image.jpg?type=m203_290_2,돈,"Money
					
					, 
					2018",관람객 평점 8.40점,"오직 부자가 되고 싶은 꿈을 품고 여의도 증권가에 입성한 신입 주식 브로커 조일현(류준열). , 빽도 줄도 없는, 수수료 O원의 그는 곧 해고 직전의 처지로 몰린다., 위기의 순간, 베일에 싸인 신화적인 작전 설계자 번호표(유지태)를 만나게 되고, , 막대한 이익을 챙길 수 있는 거래 참여를 제안 받는다. , 위험한 제안을 받아들인 후 순식간에 큰 돈을 벌게 되는 일현. , 승승장구하는 일현 앞에 번호표의 뒤를 쫓던 금융감독원의 사냥개 한지철(조우진)이 나타나 , 그를 조여 오기 시작하는데…",박누리,"류준열,유지태,조우진","10,10,4,10,10","부자되고 싶으면 추천 거지되고 싶으면 비추천  ,시간순삭  깔끔하고 쫄깃하고 군더더기없는 영화네요  조일현은 부자가 되고 싶었고  류준열은 영화에서 표정연기부자가 되었다  ,알바댓글에 또 속았다하시는 분들은 추천  ,시간 가는 줄 모르고 재미나게 봤어요. 류준열 배우는 진짜 연기 잘하네요. 유지태, 조우진 등등 배우분들 모두 앙상블이 잘 이루어진 영화라 느꼈습니다.  ,주식영화라고 해서 좀 어려울까 했는데 주식에 대해 전혀 몰라도 스토리 이해하는데 상관 없었음ㅋㅋ  "
https://movie-phinf.pstatic.net/20190329_232/1553849027701K0DBy_JPEG/movie_image.jpg?type=m203_290_2,어스,"Us
					
					, 
					2019",관람객 평점 7.82점,"우리는 누구인가?, 엄마, 아빠, 딸, 아들, 그리고 다시, 엄마, 아빠, 딸, 아들…",조던 필,"루피타 뇽,윈스턴 듀크,엘리자베스 모스","8,10,8,6,8","빨간옷중.. 유일하게 언어를 쓸수 있는 이유..  ,공포영화인줄 알았는데 미친영화였다...  ,영화 초반=컨저링급 후반=짱구의 좌충우돌 아메리카 대모험  ,호불호 많이 갈릴듯 소재는 참신했으나 풀어나가는 능력이 다소 미흡했다. 겟아웃 정도의 참신함과 몰입력은 아닌거같다.  ,어떤 영화가 낫다 공감 안낫다 비공감 이런것좀 하지마 맨날 이런게 베댓이야 어스자체만의 평점을 매기라고  "
https://movie-phinf.pstatic.net/20190322_198/1553220632606va06v_JPEG/movie_image.jpg?type=m203_290_2,샤잠!,"Shazam!
					
					, 
					2019",관람객 평점 7.83점,"솔로몬의 지혜, 헤라클레스의 힘, 아틀라스의 체력, 제우스의 권능, 아킬레스의 용기, 머큐리의 스피드까지, 우연히 슈퍼 파워를 얻게 된 소년. 자신의 능력을 깨닫고 악당을 물리치는 슈퍼히어로로 다시 태어난다!, , 주문을 외쳐라, ‘샤잠’!",데이비드 F. 샌드버그,"제커리 레비,애셔 앤젤","1,7,10,10,2","영화 재미없다는데 이걸 마블충으로 몰아가네 ㅉㅉ  ,성인이 보기엔 많이 유치할 수 있습니다. 타겟 연령이 최대 중학생 정도에 맞춘 듯 하네요 아이들과 보시면 나름즐겁게 보실 수 있을 듯 합니다  ,vs 하는 따봉충들 좀 꺼저라  ,아니 이해가 안되는게 마블빠들은 왜 굳이 디씨와서 별로다 재미없다 침체기다 이러고 감?? 아이폰쓰는사람들이 무조건 갤럭시별로다 구리다 하는거마냥  ,Dc에서 뽀로로 대항마를 만들었다  "
https://movie-phinf.pstatic.net/20140307_37/1394178420944kseeB_JPEG/movie_image.jpg?type=m203_290_2,"씨, 베토벤","See, Beethoven
					
					, 
					2014",관람객 평점 8.86점,"무더운 여름날 대학가 근처의 어느 카페, 세 명의 여고동창생이 만난다. 커피, 담배, 사랑… 그녀들의 수다는 한참 이어지지만 그 누구도 쉽게 속내를 드러내지 못한다. 친구의 죽음이 자신의 탓이라 생각하며 괴로워하는 하진, 자유연애주의자이지만 양다리가 발각되어 솔로 생활 중인 성은, 유부남과의 연애로 고민 중인 영. 인생의 무게는 좀처럼 가벼워지지 않지만 수다를 멈출 수 없는 삼십 대 세 여자. 그녀들에게 이 하루의 만남은 어떤 의미가 될까?","민복기,박진순","김소진,공상아,오유진","10,10,10,10,10","보면서 보고싶은영화 간만에 좋은영화 남길만한영화  ,역시 차이무.. 실제 카페에서 옆테이블의 수다를 엿듣나 나온 기분이네요..ㅋ 남자라그런지 카페주이에 빙의.;; 연극으로 본 작품이라 더욱 특별했어요^^  ,와 ~~ 재미있어요. ^^ 느낌이  있으면서도 새롭게 느껴지는 묘한 매력이 있네요.. 강추합니다.. ^^  ,믿고 보는 배우들의 환상 연기 호흡!  ,곱씹어 볼 수록 맛난 영화랄까요. 재미도 있지만 많은 의미가 담겨 있는 영화입니다! 강력 추천.  "
https://movie-phinf.pstatic.net/20120912_8/1347412163448JcmHx_JPEG/movie_image.jpg?type=m203_290_2,사랑의 묘약,"Love Potion
					
					, 
					2012",,"대화가 단절된 지 오래인, 무늬만 부부인 남녀가 대화를 시도해 보려는 극도의 선택. 블랙코미디적인 아이디어가 뛰어났고, 강렬한 폭소와 함께 주제가 잘 드러난다. (출처: 서울국제초단편영상제(SESIFF))",김현규,"염정아,배성우",,
https://movie-phinf.pstatic.net/20180820_88/1534741971628EVrim_JPEG/movie_image.jpg?type=m203_290_2,봄이가도,"After Spring
					
					, 
					2017",관람객 평점 8.81점,"푸르스름한 이른 새벽, , “우리 향이… 돌아올 수 있는 건가요?” , 딸(김혜준)을 애타게 기다리는 엄마(전미선), , 고요한 정적의 한낮, , “가끔 헛것이 좀 보여요” , 운 좋게 홀로 살아남은 이(유재명), , 어수선한 분주함이 흐르는 저녁, , “밤낮없이 외로워서 우는 거래”, 아내의 흔적에 허탈한 남자(전석호), , 잊을 수 없는 그날 이후, , 그리움의 시간을 보내던 이들에게 , 기적 같은 하루가 찾아 오는데…","장준엽,진청하,전신환","유재명,전미선,전석호","10,10,10,10,10","크레딧 올라가고도 발이 떨어지지 않았다  ,그날의 아픔이 떠오르지만 꼭 봐야 할 영화  ,설익지만 감독들의 도전에 박수를 보내며  ,감독과 배우들이 관객과 소통하는 시간을 갖어 좋았다. 무엇보다..100마디 말보다 표정과 연기로 영화를 표현하는 배우들과 감독의 연출이 좋았다.  ,잘 봤습니다. 살아남은 자들의 슬픔을 담백히 보여주네요. 어려웠을텐데 출현해주셔서 좋은 연기 보여주신 배우님들께 감사드립니다. 희생자분들의 가족, 친지, 지인 분들께도 응원을 보내드립니다. 특히 구조활동을 해주셨던 의인분들께도 감사를 표합니다.  "
https://movie-phinf.pstatic.net/20190411_137/1554973943268Tu8fN_JPEG/movie_image.jpg?type=m203_290_2,미성년,"Another Child
					
					, 
					2018",관람객 평점 8.42점,,김윤석,"염정아,김소진,김혜준",,
https://movie-phinf.pstatic.net/20190416_252/1555376957636yCCne_JPEG/movie_image.jpg?type=m203_290_2,굿바이 마이 러브NK: 붉은 청춘,"Goodbye My Love, NK
					
					, 
					2017",,"1952년 한국 전쟁 당시 모스크바 국립영화학교로 유학을 떠난 8명의 북한 청년. , 새로운 정치적 열망으로 가득한 그 곳에서 조국에 대한 사랑을 깨닫는다. ,   , “우리 민족의 발전을 위해 , “붉은 광장에서 뜨거운 죽음을 맞이하자!”, , 죽음까지 결심한 뜨거운 맹세로부터 시작된 이들의 여정은, 시베리아, 무르만스크, 카자흐스탄 등 , 세계 속으로 흩어지면서 새로운 세상과 마주하는데…",김소영,12세 관람가,,
https://movie-phinf.pstatic.net/20190403_216/155425588233188Vu3_JPEG/movie_image.jpg?type=m203_290_2,프렌즈: 둥지탈출,"Manou the Swift
					
					, 
					2019",,"갈매기 가족의 둥지에서 자란 칼새의 새끼 ‘마누’는, 갈매기 비행 학교에서 가르치는 비행법에 적응하지 못한, 미운 아기 새가 되고 만다., 갈매기 대장 ‘칼리프’는 열등생 ‘마누’를 둥지에서 쫓아내려 하고,, ‘마누’는 갈매기들과 다시 가족이 되기 위해, 깃털 친구들의 도움을 받아 날기 대회 1등에 도전하기로 하는데…, , 가족과 함께하기 위해 둥지를 탈출한 ‘마누’, 과연 미운 아기 새에서 벗어나 하늘 높이 날아 오를 수 있을까?!","안드레아 블록,크리스티안 하스","조쉬 키튼,케이트 윈슬렛,윌렘 대포",,
https://movie-phinf.pstatic.net/20190326_205/1553575327829GJARB_JPEG/movie_image.jpg?type=m203_290_2,던전에서 만남을 추구하면 안 되는 걸까? –오리온의 화살–,"Is It Wrong to Try to Pick Up Girls in a Dungeon? –Arrow of the Orion–
					
					, 
					2019",관람객 평점 8.63점,"미궁도시 오라리오 - ‘던전’이라는 이름의 웅장한 지하 미궁을 보유한 거대 도시. 신과 인간이 공존하는 이곳에서, 벨 크라넬이라는 소년은 조그만 여신 헤스티아를 만났다. , 그리고 그 인연으로 여신의 권속이 되는 계약을 맺은 그는, 영우에 대한 동경심을 가슴에 품은 채 모험의 나날을 보내게 되었다. , 시간이 흘러 미궁도시가 푸르게 빛나던 ‘신월제’의 밤, 벨은 선택된 자만이 뽑을 수 있다는 전설의 창을 뽑는다. , 곧이어 그의 앞에 나타난 한 명의 여신, 그리고 소년에게 맡겨진 새로운 모험인 ‘미션’. 목적지는 오라리오에서 아득히 멀리 떨어진 절경이었다. , “비극의 히로인 따윈 어디에도 없어. 모두를 구하고 말겠어.”, 이것은 운명의 선택을 받은 소년과, 달밤에 강림한 여신이 엮어내는 ‘약속의 이야기’ - [파밀리아 미스]",사쿠라비 카츠시,"마츠오카 요시츠구,미나세 이노리,사카모토 마아야","6,10,7,10,8","결말 뻔하디 뻔함. 서비스 씬도 작화가 그럭저럭임. 내용도없고 걍 몬스터 하나잡고 질질 짜는 내용임. 그냥 TVA 한편 본 느낌  ,내용도 좋고 오랜만에 던만추 즐거웠습니다  ,스토리 아쉽다 작화 그럭저럭 서비스신 ...  ,서비스씬도 그렇고 재밌어요  ,오랜만의 던만추라 재밌게 보기는 했는데 내용이 짧아서 아쉬웠어요 아르테미스 이뻐요  "
https://movie-phinf.pstatic.net/20190409_174/1554774642995SWGiz_JPEG/movie_image.jpg?type=m203_290_2,판의 미로 - 오필리아와 세 개의 열쇠,"El Laberinto Del Fauno
				
					, Pan's Labyrinth
					
					, 
					2006",관람객 평점 9.00점,"1944년 스페인, 내전은 끝났지만 숲으로 숨은 시민군은 파시스트 정권에 계속해서 저항했고 그들을 진압하기 위해 정부군이 곳곳에 배치된다., ‘오필리아’는 만삭의 엄마 ‘카르멘’과 함께 새아버지 ‘비달’ 대위가 있는 숲속 기지로 거처를 옮긴다., 정부군 소속으로 냉정하고 무서운 비달 대위를 비롯해 모든 것이 낯설어 두려움을 느끼던 오필리아는 어느 날 숲속에서 숨겨진 미로를 발견한다., 그리고 그곳에서 자신을 “산이고 숲이자 땅”이라 소개하는 기괴한 모습의 요정 ‘판’과 만난다., , 오필리아를 반갑게 맞이한 판은, 그녀가 지하 왕국의 공주 ‘모안나’이며 보름달이 뜨기 전까지 세 가지 임무를 끝내면 돌아갈 수 있다고 알려주면서 미래를 볼 수 있는 “선택의 책”을 건넨다., 오필리아는 전쟁보다 더 무서운 현실 속에서 인간 세계를 떠나 지하 왕국으로 돌아가기로 결심하게 되는데…, , 용기, 인내, 그리고 마지막 임무…, 판의 미로가 다시 열리고, 환상과 현실의 경계가 무너진다!",기예르모 델 토로,"이바나 바쿠에로,더그 존스","8,10,9,9,10","빌어먹을 배급사가 애들영화로 홍보만 안했어도...  ,애들용 판타지 아니다. 그거 아니라고 생각하고보면  개명작  ,현실적 판타지입니다. 전쟁의 참혹함 속에서 어린 소녀가 현실이 아닌 꿈꿀 수 밖에 없는 냉혹함과 슬픔이 묻어납니다. 판타지의 공식과 참혹한 프랑코 독재정권의 상황이 기묘하고 잔인하고 슬프게 엮어져 나갑니다. 부디 그녀가 사는 그 곳에서 평화롭게 지내길  ,개봉당시 아동용 판타지로 홍보했다가 욕만 먹은 대표적인 홍보 미스의 예. 내용만 보면 18세 관람가여도 이상하지 않을 정도로 어둡고 현실적이다.  ,지금까지 내가 본 영화들 중 가장 감명깊었던 영화 순위에 top3에 꼽히는 명작.한쪽 면만을 보지 말고 다양한 시각에서 접근하며 감상해야 영화의 진가를 알 수 있는 작품입니다.  "
https://movie-phinf.pstatic.net/20190328_112/1553762886182QHDpG_JPEG/movie_image.jpg?type=m203_290_2,덤보,"Dumbo 
					
					, 
					2019",관람객 평점 9.23점,"몸보다 훨씬 큰 귀를 가지고 태어나, 뒤뚱거리는 모습으로 서커스단의 웃음거리가 된 ‘덤보’., 어느 날 왕년의 서커스 스타 ‘홀트(콜린 파렐)’와 그의 아이들, 밀리와 조가 ’덤보’가 하늘을 날 수 있다는 것을 알게 되고, 유능한 사업가 ‘반데비어(마이클 키튼)’가 ‘덤보’를 스타로 만들기 위해 접근한다., 매력적인 공중 곡예사 ‘콜레트(에바 그린)’와 함께 하늘을 날게 된 ‘덤보’는 그의 친구들과 함께 환상적인 쇼를 둘러싼 어둠의 비밀을 발견하게 되는데…",팀 버튼,"콜린 파렐,마이클 키튼,대니 드비토","10,10,10,10,10","덤보는 사랑입니다..강추  ,행복하자 덤보야 ㅠㅠㅠ이모가 응원할게  ,나만 덤보 소방관분장하고 서커스할때 울었나ㅠㅠㅠ분장한 덤보보고 맴찢...  ,디즈니스러운 따뜻함과 판타지적요소가 잘 어우러져있습니다. 덤보가,,너무 귀엽습니다..  ,다른거 다 필요없다 덤보 눈망울만 보고 와도 돈 값한다.  "
https://movie-phinf.pstatic.net/20190402_76/15541930127156S6RY_JPEG/movie_image.jpg?type=m203_290_2,아이 엠 마더,"Peppermint
					
					, 
					2018",관람객 평점 8.48점,"평범한 주부 ‘라일리’(제니퍼 가너)는 딸의 10번째 생일날, 마약 조직원들의 총격에 눈앞에서 남편과 딸을 잃는다., 충격에서 깨어난 ‘라일리’는 증인석에서 범인을 지목하지만, 부패한 판사는 이들을 풀어준다., , 5년 후, 총격 사건과 연관 있는 인물들이 하나 둘씩 살해당하고, 언론과 경찰은 거액의 돈과 함께 사라진 ‘라일리’를 범인으로 지목하는데…",피에르 모렐,제니퍼 가너,"10,10,10,10,10","한국말나만들었나요?  ,피 끓는 복수액션이네요. 화끈한 카타르시스를 느끼며 볼 수 있었습니다!!  ,세상은 넓고 나쁜 놈들은 많다. 우리나라 판사 검사 헌법재판소 법관들 꼭 보기를 권한다. 사적 이익을 위해 법의 이름으로 장난치는 개 종자들 박멸해야한다  ,15세 관람가가 맞나 싶을 정도의 장면이 나오긴 하는데 예상되는 결말인데도 의외로 재미있어요  ,액션 쩔음- 제니퍼 가너 멋있어요!!!!  왜 법의 심판을 믿지 못하고 직접 나쁜 놈들을 처단하려는지 충분히 공감되서 그런지 통쾌해하면서 봤습니다  "
https://movie-phinf.pstatic.net/20190404_289/155435770610266AJB_JPEG/movie_image.jpg?type=m203_290_2,어글리 돌,"UglyDolls
					
					, 
					2019",,"춤과 노래가 멈추지 않는 행복 마을 ‘어글리 빌’에 사는 , 사랑둥이 인싸돌 ‘모씨’는 마을 바깥에 어떤 세상이 있을지 늘 궁금해한다., 모씨는 친구 ‘어글리 독’, ‘웨이지’, ‘럭키 뱃’, ‘바보’와 함께 파이프 건너편으로 모험을 떠나기로 결심하고, 외모도 성격도 너무 완벽한 ‘퍼펙션 스쿨’의 ‘루’와 ‘맨디‘를 만나 새롭고 짜릿한 세상을 경험한다!, 퍼펙션 스쿨에서 최고의 애착 인형이 되기 위한 스파르타 수업에 몰두하던 이들은, 인형들의 숨겨진 진실을 마주하고 마는데…, , 어글리 돌의 씽~얼롱 어드벤처가 시작된다!",켈리 애스버리,"켈리 클락슨,닉 조나스,자넬 모네",,
https://movie-phinf.pstatic.net/20190402_124/1554166458360TjvNY_JPEG/movie_image.jpg?type=m203_290_2,미스 스티븐스,"Miss Stevens
					
					, 
					2016",,"연기에 특별한 재능이 있는 학교 요주의 인물 ‘빌리’, 완벽주의자 여왕 ‘마고’, 귀엽고 친근한 ‘샘’, 그리고 매력적인 영어 선생님 ‘미스 스티븐스’, , 학교에서 매일 보지만 서로에 대해 잘 모르는 이들이 , 주말 3일동안 열리는 연극대회에 참가하게 된다., 그리고 빌리는 자신과 취향이 비슷하고 무언가 상처를 숨기고 있는 것 같은 , 스티븐스 선생님에게 묘한 동질감을 느끼며 이끌리게 되는데…, , 당신의 마음은 괜찮나요?",줄리아 하트,"릴리 레이브,티모시 샬라메,릴리 라인하트",,
https://movie-phinf.pstatic.net/20141107_228/1415328455668tMfey_JPEG/movie_image.jpg?type=m203_290_2,미성년,"Miss The Train
					
					, 
					2014",,"유일한 가족이자 무당이었던 엄마를 잃은 소진에게 실종된 아이를 찾아달라는 남자가 찾아온다. 점을 봐달라며 매달리는 남자를 피해 들어간 창고에서 소진은 또 다른 낯선 남자와 마주친다. 현실과 허구가 교차하고 산 자와 죽은 자가 공존하는 기이한 장면의 연쇄가 시적인 분위기를 끌어낸다., , [제15회 전주국제영화제]",이경섭,"박주희,권율,정희태",,
https://movie-phinf.pstatic.net/20190327_147/1553663399512IEd1d_JPEG/movie_image.jpg?type=m203_290_2,위치 오브 하우스,"The Witch in the Window
					
					, 
					2018",,"사이몬은 12살 아들 핀을 데리고 한적한 시골의 오래된 농장으로 이사를 한다. , 둘은 집을 고치며 그간 못다한 많은 대화를 하면서 시간을 보낸다., 그러던 중 집안에 무언가 자신들과 함께 있는 것 같은 불길함을 느끼게 되고 점점 이들의 일상은 공포에 잠식되어 가기 시작한다., 낡은 집을 수리할수록 더욱 공포의 기운에 몸과 마음이 피폐해져 가던 그 때., 과거 이 집의 주인이었던 리디아란 여자가 마녀로 몰려 억울하게 불타 죽었다는 이야기를 듣게 되는데...",앤디 밋튼,"알렉스 드래퍼,찰리 택커",,
https://movie-phinf.pstatic.net/20190305_257/1551749723722A0Gw5_JPEG/movie_image.jpg?type=m203_290_2,장난스런 키스,"一吻定情
				
					, Fall in Love at First Kiss
					
					, 
					2018",관람객 평점 8.53점,"내가 좋아하는 사람이 , 날 좋아할 확률은 얼마나 될까?, ♥, A반 남신 ‘장즈수’와, 처음 본 순간 KISS한 F반 ‘위안샹친’!, 수학처럼 안 풀려도 절대 포기할 수 없는, 확률 0% 멀고도 용감한 짝사랑 일대기",프랭키 첸,"왕대륙,임윤","8,10,10,7,10","유치하지만 이런영화는 유치한맛에 보는것  ,대만영화는 역시 결말..  ,조만간 2차 찍으러 갈 예정 왕대륙 임윤 얼굴 존잼...  ,왕대륙 얼굴 감상용 영화  ,설렘을느껴보고싶다면 꼭봐야하는영화...두번봐도 아깝지않은영화다.  "
https://movie-phinf.pstatic.net/20190329_232/1553849027701K0DBy_JPEG/movie_image.jpg?type=m203_290_2,어스,"Us
					
					, 
					2019",관람객 평점 7.82점,,조던 필,"루피타 뇽,윈스턴 듀크,엘리자베스 모스",,
https://movie-phinf.pstatic.net/20111222_153/1324527825496MUV0z_JPEG/movie_image.jpg?type=m203_290_2,오래된 정원,"The Old Garden
					
					, 
					2007",관람객 평점 없음,"80년대 군부독재에 반대하다가 젊음을 온통 감옥에서 보낸 현우(지진희 분). 17년이 지난 눈 내리는 어느 겨울, 교도소를 나선다. 변해 버린 가족과 서울풍경, 핸드폰이란 물건까지, 모든 것이 그에게는 낯설기만 하다. 단 한 사람, 감옥에 있던 17년 동안 한번도 만나지 못했던 지갑 속 사진의 얼굴만이 익숙하게 다가온다. 잊을 수 없는 그 얼굴, 바로 한윤희(염정아 분)다. 며칠 후, 현우의 어머니는 그에게 한윤희의 편지를 건넨다. ""소식 들었니? 한선생, 죽었어."",  1980년, 도피생활을 하던 현우는 그를 숨겨줄 사람으로 한윤희를 소개받는다. 윤희는 첫눈에 봐도 당차고 씩씩하다. 자신은 운동권이 아니라고 미리 선언하지만, 사회주의자라는 현우의 말에 ""아... 그러세요? 어서 씻기나 하세요, 사회주의자 아저씨!"" 라며 웃는다. 현우는 그런 윤희와의 갈뫼에서의 생활에, 마치 딴 세상에 온 듯 한 평화로움을 느낀다. 그렇게 6개월이 지난 후, 동료들이 모두 붙잡혔다는 서울 소식에 갈등하던 현우는 갈뫼를 떠날 결심을 한다. 그리고 윤희는 그를 잡고 싶지만 잡을 수가 없다.,  그렇게 그들은 헤어지고 17년이 흐른다. 다시 현재...그는 그들의 오래된 정원을 찾을 수 있을까? 윤희의 흔적이 고스란히 남겨져 있는 갈뫼를 다시 찾은 현우. 그는 윤희가 그에게 남긴 일기와 그림을 찾으며 17년 전의 과거로 빠져든다. 과연, 그는 그곳에서 그토록 꿈꾸었던 그들의 오래된 정원을 찾을 수 있을까?",임상수,"염정아,지진희","10,10,8,10,10","따뜻하고 씁쓸하고 아름답고... 지금 나는 이 영화를 말로 표현하기 힘든 감정이다.  ,잔잔하고 슬프고 사실적이며 나름 근사한 영화..염정아씨 여신이세요?  ,지난 시간과 화해하고 이대로 흘러가도 괜찮은걸까, 지금...  ,의외로 스포트라이트를 못받아서 아쉽다.  ,숨겨줘,재워줘,먹여줘,몸줘.........짱입니다  "
https://movie-phinf.pstatic.net/20171030_113/15093310622251GtNg_JPEG/movie_image.jpg?type=m203_290_2,해피 데스데이,"Happy Death Day
					
					, 
					2017",관람객 평점 8.31점,생일날 반복되는 죽음이라는 특별한 선물을 받은 여대생의 끝나지 않는 파티,크리스토퍼 랜던,"제시카 로테,이스라엘 브로우사드","10,10,10,9,10","팝콘만 사고 음료수는 사지 마세요. 여주가 핵사이다  ,이건 완전 새로운 공포영화 ㅋㅋㅋ 무섭고 유쾌하고 혼자 다 하셨다  ,무서울줄알았는데 뭔가 유쾌한 공포?느낌이예요 저는 진짜재밋던데...?  ,남녀가 맨날 보면 정드는거 맞구나  ,이 영화 보기전으로 리셋하고 싶다. 다시 보고 싶네요  "
https://movie-phinf.pstatic.net/20180503_37/1525332298689zgK17_JPEG/movie_image.jpg?type=m203_290_2,트루스 오어 데어,"Truth or Dare
					
					, 
					2018",관람객 평점 8.05점,"선택해 TRUTH OR DARE, 무엇을 선택하든 공포는 시작될 거야",제프 와드로,"루시 헤일,타일러 포시,바이올렛 빈","9,6,10,9,9","미안하지만 난 너희를 위해서 멕시코 사람 전부를 죽일 순 없어.  ,맨 처음에 올리비아가 도덕적 딜레마를 질문받았을 때 자기가 희생하더라도 사람을 많이 살리는 쪽으로 선택했지만 현실은 반대임을 알려주는 영화  ,게임이 인도랑 중국 돌다가 지치겠는데..?  ,팝콘, 선택해. 고소? 달콤? 무엇을 선택해도 니 손에 없겠지만  ,영화끝나고 영화속 그 표정 지어본 사람?!?!  "
https://movie-phinf.pstatic.net/20150706_137/14361584809475aOKY_JPEG/movie_image.jpg?type=m203_290_2,바바둑,"The Babadook
					
					, 
					2014",,"출산 차 병원으로 가던 중 남편을 교통사고로 잃고, 당시 태어난 아들 ‘사무엘’과 힘겹게 살아가는 워킹맘 ‘아멜리아’. 과행행동장애가 있는 아들은 퇴근하고 돌아온 그녀에게 아빠의 창고에서 발견한 그림책 ‘바바둑’을 읽어달라 조른다. 하지만 이는 단순한 동화책이 아닌 악령의 저주가 담긴 금서임이 드러나고, 바바둑은 두 모자의 외롭고 고단한 일상 속을 파고들기 시작한다. 결국 아멜리아는 아들을 지켜내기 위해 바바둑과 죽음을 넘나드는 처절한 사투를 벌이는데…",제니퍼 켄트,"에시 데이비스,노아 와이즈만",,
https://movie-phinf.pstatic.net/20190329_232/1553849027701K0DBy_JPEG/movie_image.jpg?type=m203_290_2,어스,"Us
					
					, 
					2019",관람객 평점 7.82점,,조던 필,"루피타 뇽,윈스턴 듀크,엘리자베스 모스",,
https://movie-phinf.pstatic.net/20190329_232/1553849027701K0DBy_JPEG/movie_image.jpg?type=m203_290_2,어스,"Us
					
					, 
					2019",관람객 평점 7.82점,,조던 필,"루피타 뇽,윈스턴 듀크,엘리자베스 모스",,
https://movie-phinf.pstatic.net/20190306_280/1551849045570X4iac_JPEG/movie_image.jpg?type=m203_290_2,돈,"Money
					
					, 
					2018",관람객 평점 8.40점,,박누리,"류준열,유지태,조우진",,
https://movie-phinf.pstatic.net/20190322_198/1553220632606va06v_JPEG/movie_image.jpg?type=m203_290_2,샤잠!,"Shazam!
					
					, 
					2019",관람객 평점 7.83점,,데이비드 F. 샌드버그,"제커리 레비,애셔 앤젤",,
https://movie-phinf.pstatic.net/20120912_8/1347412163448JcmHx_JPEG/movie_image.jpg?type=m203_290_2,사랑의 묘약,"Love Potion
					
					, 
					2012",,,김현규,"염정아,배성우",,
https://movie-phinf.pstatic.net/20111222_36/1324558778398r77Tm_JPEG/movie_image.jpg?type=m203_290_2,여선생 VS 여제자,"Lovely Rivals
					
					, 
					2004",관람객 평점 없음,"교장선생님도 못 말리는 천하의 왕내숭 열혈 노처녀 선생 여미옥(염정아 분). 나름대로 우아한 외모 뒤에 철딱서니 없고 천방지축인 뻔뻔녀를 숨기고 사는 중이다. 새 학기 첫 날, 선생의 실수는 슬쩍 넘어가도 학생의 잘못은 용서가 안 되는 여선생. 때마침 자기보다 더 늦은 지각에도 아무렇지 않은 대담한 전학생 고미남(이세영 분)을 핑계로 아이들의 기세를 잡아본다. 하지만 또래 아이들보다 한참 성숙해 보이는 몸매에 선생 뺨치는 말빨까지 겸비한 미남은 영 호락호락하질 않고 미옥은 그런 미남이 영 괴씸하다.,  그렇게 심상치 않은 새 학기가 시작된 어느 날, 시골학교 여자들을 한 순간에 흔들어 놓는 사건이 터진다. 바로 얼짱 총각선생 권상민(이지훈 분)이 새로 부임한 것! 시골생활을 청산하고 서울 큰 학교로 진출해 보려 호시탐탐 기회만 노리던 여선생도 예외가 아니다. 권선생에게 필이 꽂힌 여선생은 권선생을 사로잡기 위해 수단과 방법을 가리지 않는다. 하지만 그녀 앞에 예상치 못한 적수가 버티고 있었으니 대담하기가 선생 뺨 치는 제자 미남이 바로 그 주인공.,  권선생 앞에서만은 현모양처, 청순가련형으로 돌변하는 미옥과 담임의 가식적인 정체를 사사건건 폭로하고 귀여운 제자라는 점을 내세워 권선생에게 과감히 대쉬하는 미남. 이들 라이벌 사이의 상상을 초월한 염장 지르기는 절정을 향해 내달리는데.",장규성,"염정아,이세영,이지훈","7,8,9,9,1","중요한건 저 영화의 초딩 여제자가 완벽하게 정변한 아가씨가 되었다는거  ,캐스팅이 적절했다. 특히 신경질적인 여교사역엔 염정아가 딱  ,이세영 정말 어렸을때 찍은건데 완전 성숙해보임.. 반했음  ,이세영 넘 이쁘다  ,진짜 유치하고 시간 아까웠던...  "
https://movie-phinf.pstatic.net/20111223_115/1324606037210cmOvy_JPEG/movie_image.jpg?type=m203_290_2,이번 일요일에,"今度の日曜日に
				
					, On Next Sunday
					
					, 
					2009",관람객 평점 없음,"제8회 일본영화엔젤대상 수상작을 원작으로 삼아 한국에서 일본으로 유학을 떠난 여대생 소라가 대학 청소부, 신문배달원, 피자배달원으로 일하는 의문의 남자와 얽히면서 벌어지는 일들을 그려낸 잔잔한 휴먼영화., 오직 짝사랑하는 선배와 함께하고 싶어서 엄마의 만류에도 불구하고 일본유학을 감행한 순정파 소녀 소라(윤하). 일본에 도착하자마자 짝사랑 선배 현준(양진우)의 자취방을 찾지만 그는 집안사정으로 학교를 자퇴하고 이미 귀국한 상태다. 오 마이 갓! 청천벽력 같은 소식에 좌절할 시간도 없이 소라에겐 낯선 일본생활과 학교공부의 적응이 무엇보다 중요한 미션. 그러던 중 첫 영상수업에서 ‘흥미의 행방’이라는 주제의 과제를 부여 받고, 도저히 대상을 찾을 수 없어 애만 태우는데… 앗! 바로 저 아저씨다! 언제부턴가 자신의 주변에서 청소부, 피자배달부, 신문배달원으로 동에 번쩍 서에 번쩍 무시로 출몰하는 의문투성이의 남자 마츠모토(이치카와 소메고로)가 소라의 흥미진진 레이더망에 딱 걸리고 마는데…, 영화제 소개글. 소라는 고등학교 졸업 후 짝사랑하는 선배의 뒤를 따라 일본으로 유학을 떠난다. 하지만 선배 현준은 집안 사정으로 학교를 자퇴한 후 한국으로 이미 귀국한 상태. 청천벽력 같은 소식에 좌절할 시간도 없이, 낯선 일본에서의 삶과 버거운 학교생활이 그녀를 기다리고 있다. 그러던 어느 날, 소라는 자신의 주변에서 우연히 마주치게 되는 의문투성이의 중년남성 마츠모토를 발견한다. 그는 소라가 다니는 대학의 용역직원이며 밤에는 피자 배달, 새벽에는 신문배달로 언제나 바쁜 하루하루를 살고 있다. 소라는 첫 영상실습과제의 주제인 ‘흥미의 대상’으로 그를 관찰하기로 결정하고 취재하기 시작한다. 그리고 그가 빚을 갚기 위해, 아들의 학비를 위해, 밤낮으로 일하고 있다는 사실을 알게 된다. 소라는 모자라 보이고 늘 손해만 볼 것 같은 마츠모토를 통해 소통을 배우고 성장해 나간다. 영화는 국적, 성별, 세대를 뛰어 넘는 ‘관계’에 대한 이야기이다.",켄모치 사토시,"윤하,이치카와 소메고로,양진우","10,7,10,10,10","윤하  ,잔잔한 감동을 주는 스토리가 마음에 드는 영화, 윤하의 재발견은 보너스!  ,하아...ㅠㅠ 진짜 작년부터 보고싶었는데 시험끝나고 보려고 아껴두고있다가 어제 날잡아서 그냥 봤는데 역시..♥ 기대이상 ㅠㅠ 웃겨서 눈물 애절해서 눈물 ㅠㅠ 세쯔나이기모치  ,남주  여주 전부 연기도 아주 훌륭하고  내용도 아주 감동적이었습니다. 정말  좋은 영화라고 생각합니다.  ,이런영화좋네요 ~ ㅎㅎ  "
https://movie-phinf.pstatic.net/20180820_88/1534741971628EVrim_JPEG/movie_image.jpg?type=m203_290_2,봄이가도,"After Spring
					
					, 
					2017",관람객 평점 8.81점,,"장준엽,진청하,전신환","유재명,전미선,전석호",,
https://movie-phinf.pstatic.net/20171012_231/1507775268971mo2Uk_JPEG/movie_image.jpg?type=m203_290_2,내게 남은 사랑을,"My Last Love
					
					, 
					2017",관람객 평점 8.67점,"가족을 돌볼 틈 없이 매일 회사 일에 치이는 대한민국 대표 가장, ‘김봉용’, 자신을 부하처럼 부리는 상사 때문에 , 허구한 날 술을 마시는 것은 물론, 기사 노릇까지 하고 있다., , 그의 속 사정을 알리 없는 아내 ‘화연’은 야속한 남편을 탓하기만 하고, 질풍노도의 쌍둥이 ‘우주’와 ‘달님’은 그런 아빠와 매일 부딪치기만 한다., , 그나마 늦둥이 ‘별님’의 사랑스러운 애교에 하루하루를 버티는데…, , 서로를 보지 못했던 가족이, 비로소 서로를 보기 시작하며 전하는, 내게 남은 사랑을…",진광교,"성지루,전미선,권소현","10,10,10,10,9","지금의 나, 그리고 가족을 다시한번 깊이 생각하게 만들어준 영화.  ,이 시대를 살아가는 우리의 아버지들에게 응원의 박수 보내고 싶다. 사춘기의 까칠함을 잘 연기해준 쌍둥이 남매 홍석과 소현...성공적 영화 데뷔를 추카추카!  ,손수건 없이 간다면 정말 수퍼 스튜핏...!  영원할 것 같던 가족들이 떠나간다면... 지금 당장 고백해야한다. 부모님, 사랑합니다...  ,가족드라마 좋아하시는 분들은 꼭 보세요. 강추입니당  ,내게 남은 사랑을~제목만 들으면 노래제목 같지만 가족들이 함께 보면 늦가을의 가족의 소중한을 느낄수 있는 영화같습니다.주변 지인들에게도 추천해 줘야 겠네여~^^  "
https://movie-phinf.pstatic.net/20170316_89/1489651625999tkl3K_JPEG/movie_image.jpg?type=m203_290_2,원스텝,"One Step
					
					, 
					2016",관람객 평점 5.91점,"교통사고로 기억을 잃는 순간, ‘시현’에게 남들보다 조금 더 화려해지고 복잡한 세상이 펼쳐졌다, 잃어버린 기억의 조각을 찾기 위해, 우연히 만난 천재 작곡가 ‘지일’과 함께 , 세상을 향해 한 걸음 나아가는데…",전재홍,"한재석,박산다라","1,7,1,10,1","단역부터 다시 시작해라.  ,전혀 기대를 안하고봐서 그런가;; 생각보다 좋았음..산다라박 연기도 후반으로 갈수록 좋았던듯.. 노래도 다운받고싶음  ,당첨된 예매권으로 공짜로 봤는데도 아깝다는 생각 듦. 시간과 차비마저 아깝...  ,노래들이 너무 좋았어요!!!! 한걸음~ 한걸음~  ,29일 시사회 보고왔는데...디워, 클레멘타인, 다세포 소녀, 성냥팔이 소녀의 재림이 떠오르는 영화였어요. 평점 높은건 98%알바라 봐도 무방.  "
https://movie-phinf.pstatic.net/20161109_134/1478666280662a7ldM_JPEG/movie_image.jpg?type=m203_290_2,작은 형,"Unwanted Brother
					
					, 
					2014",관람객 평점 8.83점,"부동산 사기로 ‘빵’에 다녀온 동현, 그를 기다리는 건 따끈한 두부가 아닌 시퍼런 협박!, ‘속’까지 탈탈 털리게 될 처지의 동현은, 아이큐 48의 순진무구 작은형 동근을 찾아가는데…, , “작은형, 나 믿지? 돈 얼마 있어?”, “나 돈 많아… 아니야, 없어 없어”, , 사기1단 허세작렬 막내 VS 아이큐48 순진무구 작은형,, 극과 극 형제의 1억 통장 스캔들이 터진다!",심광진,"전석호,진용욱,민지아","9,10,10,6,10","인간은 장애가 있든 없든 근본적으로는 하나이며 서로 사랑하는 존재라는 것을 느끼게 한다. 또 그것을 시련을 겪으면서 알아간다는 휴머니즘을 보여주는 영화인 듯하다. 알이 꽉찬 영화인데 주중에 몇군데서만 상영하다니 아쉽다. 꼭 보시길!  ,형제애를 느끼게 해주는 감동적인 영화~  ,마음을 훈훈하게 덮혀주는  착하고 재미 있는 영화네요. 연기들도 너무 좋아요.  ,전석호 연기 좋아서 한줄 평 남김.  앞으로 연기 기대~.  ,아름다운 영화라는 한겨레 영화평에 동의~  "
https://movie-phinf.pstatic.net/20180820_88/1534741971628EVrim_JPEG/movie_image.jpg?type=m203_290_2,봄이가도,"After Spring
					
					, 
					2017",관람객 평점 8.81점,,"장준엽,진청하,전신환","유재명,전미선,전석호",,
https://movie-phinf.pstatic.net/20180820_88/1534741971628EVrim_JPEG/movie_image.jpg?type=m203_290_2,봄이가도,"After Spring
					
					, 
					2017",관람객 평점 8.81점,,"장준엽,진청하,전신환","유재명,전미선,전석호",,
https://movie-phinf.pstatic.net/20140307_37/1394178420944kseeB_JPEG/movie_image.jpg?type=m203_290_2,"씨, 베토벤","See, Beethoven
					
					, 
					2014",관람객 평점 8.86점,,"민복기,박진순","김소진,공상아,오유진",,
https://movie-phinf.pstatic.net/20190326_205/1553575327829GJARB_JPEG/movie_image.jpg?type=m203_290_2,던전에서 만남을 추구하면 안 되는 걸까? –오리온의 화살–,"Is It Wrong to Try to Pick Up Girls in a Dungeon? –Arrow of the Orion–
					
					, 
					2019",관람객 평점 8.63점,,사쿠라비 카츠시,"마츠오카 요시츠구,미나세 이노리,사카모토 마아야",,
https://movie-phinf.pstatic.net/20131118_17/1384753797173TRNRR_JPEG/movie_image.jpg?type=m203_290_2,극장판 슈타인즈 게이트: 부하영역의 데자뷰,"劇場版  シュタインズ・ゲート 負荷領域のデジャヴ
				
					, Steins Gate: Fuka Ryoiki No deja vu
					
					, 
					2012",관람객 평점 없음,"광기의 매드 사이언티스트를 자칭하는 오카베 린타로와 그의 라보멤 동료들은 , 우연히 과거로 보낼 수 있는 메일 “D메일”을 발명하게 된다, , 그러나 과거를 몇 번이고 바꿔도 동료의 죽음을 막지 못하는 어두운 미래만이 있고 , 오카베 린타로는 절망하게 된다. 그런 그가 찾아낸 한줄기 빛은 누구도 죽지 않는 , 미래 즉 슈타인즈 게이트라고 불리는 세계선. 시간축을 뛰어넘어 얽혀있는 문제를 , 풀어내 드디어 슈타인즈 게이트에 도달하게 되지만 몇 개의 세계선을 넘어다닌 , 오카베의 뇌에 거대한 부하가 걸리기 시작하고 만다.",와카바야시 칸지,"미야노 마모루,하나자와 카나,세키 토모카즈","6,10,10,9,10","취향문제를 오덕오덕거리면서 비꼬는 사람들 이해가 안가네요.  그냥 그러려니 하지 자기들이 싫은거 꼭 남들한테 그렇게 비꼬면서까지 까야하나; 참 우리나라 사람들 가끔식보면 엄청 삐뚤어진 것 같네요.  ,뚯뚜루~~~~ 마유시데스  ,슈타게는 인생이지...  ,지금 보고 왔습니다.음..자막이 약간 미흡한 점이 있고요.다른나라에서는 용어설명이 윗부분에 뜨는데 그런것도 없는것 같네요.그리고 슈타게 팬분들은대부분토렌트로받아보셨나.. 사람이엄청적네요서울인데도.좀 팬이라면 영화한편정도는 돈내고 보면합니다...  ,슈타인즈게이트 팬 이나 볼 영화지만, 나는 팬이니까 재밌었다!  "
https://movie-phinf.pstatic.net/20171103_177/1509693447074cM8AP_JPEG/movie_image.jpg?type=m203_290_2,페이트 스테이 나이트 헤븐즈필 제1장 프레시지 플라워,"Fate/stay night Heaven's Feel THE MOVIE Chaper 1:presage flower
					
					, 
					2017",관람객 평점 9.18점,"마술사 와 영령 가 모든 소원을 이뤄주는 「성배」를 둘러싸고 싸우는 「성배전쟁」이 벌어진 지 10년. , 지난 「성배전쟁」의 참가자인 에미야 키리츠구의 양자, 에미야 시로는 그를 연모하는 소녀, 마토 사쿠라와 함께 평온한 나날을 보내고 있었다. , 그러나 「성배전쟁」은 다시 시작되고 곳곳에서 벌어지는 살인사건으로 후유키 시는 불온한 기운에 휩싸인다. , 시로는 사쿠라를 자기 집에 머물게 하기로 결정하고, 자신이 소환한 서번트인 세이버와 함께 마술사인 토오사카 린과 동맹을 맺고 「성배전쟁」에 나서기로 결심하는데., , 하지만 이 싸움은 암약하는 자들에 의해 크게 일그러지기 시작한다.",스도 토모노리,"스기야마 노리아키,시타야 노리코,카미야 히로시","10,10,10,10,9","스토리 불친절하다고 하는 사람들 있는데.. 기존에 페이트 관련 작품 좀 접해본 사람들이 메인타겟이라 생각하면 됨 헤븐즈필을  페이트 입문작으로 삼는것은해리포터 1편부터 6편 안보고   7편 죽음의 성물 본다음에내용이 불친절하다고 하는거랑 동일함  ,팩트) 진짜 인싸들은 오타쿠들 뭐하고 놀든 별로 신경 안쓴다 현실에서 바닥치는 놈들만 오타쿠들보고 아.. 내가 쟤보단 낫겠지... 이런 역겨운 안도감을 느낀다 대표적인 예로는 일베보고 안도감을 느끼는 야구갤러리등이 있다  ,평점 왜 이런가 했더니 MLB파크,오늘의 유머 등 커뮤니티 사이트에서 좌표찍혔네요.. 재밌게 본 입장으로서 10점 드립니다  ,방구석 여포들이 1점 주니까 균형 맞추기 위해 10점 드림.  ,마파두부에서 빵~터지는 분. 뭘좀 아는 분  "
https://movie-phinf.pstatic.net/20170414_291/1492153945199fACig_JPEG/movie_image.jpg?type=m203_290_2,극장판 트리니티 세븐: 유구도서관과 연금술소녀,"劇場版 トリニティセブン 悠久図書館 と錬金術少女
				
					
					, 
					2017",,,니시키오리 히로시,"마츠오카 요시츠구,하라 유미,우치다 아야",,
https://movie-phinf.pstatic.net/20171227_254/1514359126082YL9em_JPEG/movie_image.jpg?type=m203_290_2,주문은 토끼입니까?? ~디어 마이 시스터~,"ご注文はうさぎですか?? Dear My Sister
				
					, Is the Order a Rabbit?? ~Dear My Sister~
					
					, 
					2017",관람객 평점 8.47점,"카페 래빗 하우스에 찾아온 코코아., 토끼 간판에 이끌려 들어간 그 가게가 바로, 코코아가 하숙할 집이었다., , 리제, 치야, 샤로와 금세 친해진 코코아는, ""목조 마을""의 일원이 되어, 래빗 하우스의 외동딸 치노를 친동생처럼 예뻐한다., , 그렇게 맞이한 두 번째 여름., 올해도 친구들과 많은 추억을 만들고 싶은 코코아가, 의미심장한 표정으로 캐리어를 들고 역 플랫폼에 서 있다., 코코아는 대체 어디에 가는 걸까?, , 마야와 메구도 놀러 와서 즐거운 시간을 보내지만, 코코아가 없으니 왠지 좀 허전한 래빗 하우스., 그러던 중 치노는 조금 용기를 내어, 다 같이 불꽃 축제에 갈 것을 제안해 보는데...",하시모토 히로유키,"사쿠라 아야네,미나세 이노리,타네다 리사","1,1,1,1,1","아들... 오늘 영화보러갔다온다며... 오랜만에 씻고 외출할 준비하는 모습이 이 엄마는 보기좋더라... 제목이 무슨 토끼인가... 했는데, 동물나오는 다큐멘터리니? 아무튼 이제 외출도 자주 하구 영화도 보구... 할 수 있지? 엄마는 믿을게 우리아들~  ,페도문화가 담겨있는 역겨운 일본애니  ,상영관에 경찰들 대기타고 있다가 들어오는놈들 잡아만가도 아동성범죄 예방직빵이자너ㅋㅋㅋ  ,오타쿠는 규제해야한다  ,네 다음 페도요~~~~  "
https://movie-phinf.pstatic.net/20170811_11/1502432771089nRa37_JPEG/movie_image.jpg?type=m203_290_2,몬스터 콜,"Un monstruo viene a verme
				
					, A Monster Calls
					
					, 
					2016",관람객 평점 8.59점,"기댈 곳 없이 빛을 잃어가던 소년 ‘코너’. , 어느 날 밤, ‘코너’의 방으로 상상 속에서만 존재하던 거대한 ‘몬스터’가 찾아온다. , ‘코너’는 매일 밤 그를 만나 이야기를 나누면서 , 외면했던 마음 속 상처들을 마주하게 되는데…",후안 안토니오 바요나,"루이스 맥더겔,시고니 위버,펠리시티 존스","9,10,10,10,10","누구나 한번쯤은 동화 같은 기적을 바라지만 현실은 잔혹하다. 아이라기엔 성숙하고 어른이기엔 어린 소년은 그렇게 성장한다. 마지막 장면은 정말 짠했다. 엔딩크레딧 마지막 OST의 Tear Up This  Town 가사와 노래가 정말 훌륭하다.  ,티슈 꼭 챙기세요. 눈물을 참을 수가 없었음.  ,돌아가신 엄마가 너무 그립고 보고싶네요  ,눈물이 너무 흘러 참을 수 없었다. 상실을 겪었던 사람이라면 누구보다 공감할 아름다운 작품  ,이 영화가 가진, 잔인하리만큼 섬세한 묘사가 너무 가슴 아프고 너무 따뜻하다. 모두의 가슴 깊숙한 곳엔 괴물이 있다. 드러나지 않으면, 토해내지 않으면 영영 괴물로 남겠지만, 엉엉 울고 발버둥치면서라도 뱉어내고나면 성장할 수 있다. 이 소년이 그랬듯.  "
https://movie-phinf.pstatic.net/20190409_174/1554774642995SWGiz_JPEG/movie_image.jpg?type=m203_290_2,판의 미로 - 오필리아와 세 개의 열쇠,"El Laberinto Del Fauno
				
					, Pan's Labyrinth
					
					, 
					2006",관람객 평점 9.00점,,기예르모 델 토로,"이바나 바쿠에로,더그 존스",,
https://movie-phinf.pstatic.net/20111222_198/1324516302799yiG2A_JPEG/movie_image.jpg?type=m203_290_2,헬보이 2: 골든 아미,"Hellboy 2: The Golden Army
				
					
					, 
					2008",관람객 평점 없음,"인간과 요괴 사이에서 존재하던 고대의 휴전 협정이 수 천년이 지난 후, 세상을 지배하려는 요괴 세상의 누아다 왕자에 의해 깨어진다. 누아다 왕자는 세상을 장악하기 위해 파괴를 목적으로 한 기이한 창조물들을 찾고, 수 천년간 잠들어있던 최강의 군단 ‘골든 아미(Golden Army)’ 를 깨운다. 이에 '헬보이'는 불을 다스리는 여자 친구 ‘리즈’, 사람의 마음을 읽는 ‘에이브’ 등, 각기 다른 능력을 가진 BPRD 요원들과 함께 누아다 왕자와 골든 아미를 막기 위한 최강의 대결을 시작한다!",길예르모 델 토로,"론 펄먼,셀마 블레어,더그 존스","10,9,8,10,10","네이버평점보지마세요  ,묻혔다고 생각하는 굉장한 수작 기예르모 델 토로의 세계는 경이롭다2편이 1편보다 300퍼센트 낫다 감독의 역량이 빛나는 영화  ,'악마가 세상을 구한다' 이 점부터 재밌다. 보면 역시 기괴함의 달인 토로옹이야!  ,뭔말이 필요할까 ,, 뻔하지 않은 비쥬얼 , 스토리, 영상, 센쓰 돋보이는 영화 ! 그냥 보고 또 봐도 질리지 않고 잼잇는 영화 ! 다음이 기대되는 작품.. 인데!!!  ,헬보이 하앍  "
https://movie-phinf.pstatic.net/20190409_174/1554774642995SWGiz_JPEG/movie_image.jpg?type=m203_290_2,판의 미로 - 오필리아와 세 개의 열쇠,"El Laberinto Del Fauno
				
					, Pan's Labyrinth
					
					, 
					2006",관람객 평점 9.00점,,기예르모 델 토로,"이바나 바쿠에로,더그 존스",,
https://movie-phinf.pstatic.net/20190409_174/1554774642995SWGiz_JPEG/movie_image.jpg?type=m203_290_2,판의 미로 - 오필리아와 세 개의 열쇠,"El Laberinto Del Fauno
				
					, Pan's Labyrinth
					
					, 
					2006",관람객 평점 9.00점,,기예르모 델 토로,"이바나 바쿠에로,더그 존스",,
https://movie-phinf.pstatic.net/20190402_76/15541930127156S6RY_JPEG/movie_image.jpg?type=m203_290_2,아이 엠 마더,"Peppermint
					
					, 
					2018",관람객 평점 8.48점,,피에르 모렐,제니퍼 가너,,
https://movie-phinf.pstatic.net/20111221_233/132446172308861Sib_JPEG/movie_image.jpg?type=m203_290_2,엘렉트라,"Elektra
					
					, 
					2005",관람객 평점 없음,"어린 시절 부모를 잃고 세상 한 가운데 혼자 남게 된 엘렉트라는 적의 공격으로 치명적인 부상을 입고 죽음의 문턱까지 가게 된다. 죽음에서 그녀를 기적적으로 되살려낸 사람은 사람의 미래를 볼 수 있는 특별한 능력인 키마구레의 달인 스틱. 엘렉트라는 스승 스틱이 속한 집단 체이스트에서 키마구레를 비롯한 다양한 기술을 교육 받는다. 그러나 끓어오르는 분노와 세상을 향한 복수의 마음을 다스리지 못한 엘렉트라는 조직에서 추방당하게 되고, 버려졌다는 생각에 세상과의 인연을 끊고 냉혹한 암살자의 모습으로 살아간다., 완벽한 살인 기계의 모습으로 살아가던 엘렉트라는 어느 날 새로운 임무를 맡게 되고, 최강의 암살자 집단 핸드에게 쫓기는 마크와 애비 부녀를 만나게 된다. 어둠의 무술인 닌지쭈를 구사하며 강력한 범죄 조직으로 떠오른 핸드는 돌보다 단단한 근육을 지닌 가공할 괴력의 소유자 스톤, 모두가 두려워하는 무술의 최고 고수 킨코우, 핸드을 움직이는 핵심이자 키마구레를 구사하는 키리기, 숨결과 손길에 치명적인 독을 숨기고 있는 여인 타이포이드, 몸에 지닌 문신에 생명을 불러 넣어 치명적인 무기로 사용하는 타투등 최고의 고수들로 이루어진 최강의 암살자 집단. 자신에게 주어진 임무를 완수하느냐, 아니면 자신을 완전히 파괴해 버릴지도 모를 새로운 삶을 선택하느냐의 기로에 선 엘렉트라. 끊임없이 자신에 대해 고뇌하던 엘렉트라는 마침내 마크와 애비를 돕기로 결심하고 무적의 군단 핸드에 홀로 맞서는데.",롭 보우먼,"제니퍼 가너,테렌스 스탬프,윌윤리","5,10,6,9,7","데어데블한테 차인여자의이야기  ,여배우만본다  ,점수가 왜저러지. 걍 심심풀이로 볼만함.. 1점은 아무리 생각해도.. 너무 심한데.  ,난재밌던뎅.. 주연 여배우도 넘넘이쁘고~ 볼만한듯  ,이 영화 .조금 재미있게 봤어요~ 여주인공의 매력이 돋보인영화  "
https://movie-phinf.pstatic.net/20181026_283/1540530125623qH5Ec_JPEG/movie_image.jpg?type=m203_290_2,디스트로이어,"Destroyer
					
					, 
					2018",,,캐린 쿠사마,"니콜 키드먼,토비 켑벨,스쿳 맥네이리",,
https://movie-phinf.pstatic.net/20190402_76/15541930127156S6RY_JPEG/movie_image.jpg?type=m203_290_2,아이 엠 마더,"Peppermint
					
					, 
					2018",관람객 평점 8.48점,,피에르 모렐,제니퍼 가너,,
https://movie-phinf.pstatic.net/20190402_76/15541930127156S6RY_JPEG/movie_image.jpg?type=m203_290_2,아이 엠 마더,"Peppermint
					
					, 
					2018",관람객 평점 8.48점,,피에르 모렐,제니퍼 가너,,
https://movie-phinf.pstatic.net/20190305_257/1551749723722A0Gw5_JPEG/movie_image.jpg?type=m203_290_2,장난스런 키스,"一吻定情
				
					, Fall in Love at First Kiss
					
					, 
					2018",관람객 평점 8.53점,,프랭키 첸,"왕대륙,임윤",,
https://movie-phinf.pstatic.net/20190305_257/1551749723722A0Gw5_JPEG/movie_image.jpg?type=m203_290_2,장난스런 키스,"一吻定情
				
					, Fall in Love at First Kiss
					
					, 
					2018",관람객 평점 8.53점,,프랭키 첸,"왕대륙,임윤",,
https://movie-phinf.pstatic.net/20190305_257/1551749723722A0Gw5_JPEG/movie_image.jpg?type=m203_290_2,장난스런 키스,"一吻定情
				
					, Fall in Love at First Kiss
					
					, 
					2018",관람객 평점 8.53점,,프랭키 첸,"왕대륙,임윤",,
https://movie-phinf.pstatic.net/20171030_113/15093310622251GtNg_JPEG/movie_image.jpg?type=m203_290_2,해피 데스데이,"Happy Death Day
					
					, 
					2017",관람객 평점 8.31점,,크리스토퍼 랜던,"제시카 로테,이스라엘 브로우사드",,
https://movie-phinf.pstatic.net/20170102_196/14833178826104jk35_JPEG/movie_image.jpg?type=m203_290_2,바이러스,"Viral
					
					, 
					2016",,"'웜 플루' 라는 기생충 바이러스가 전세계를 초토화 시킨다. , 바이러스가 감염된 사람들은 급속도로 퍼져나가고 엠마가 사는 섀도우 캐넌은 격리 조치를 당한다., 엠마와 언니는 한 파티에 참석하게 되고 언니는 바이러스에 감염되지만 이사실을 숨긴다. , , 한편 바이러스에 감염된 사람들은 허기진 배를 채우기 위해 엠마의 집에 침입하게 되고 , 언니는 점점 바이러스 변형자로 변해가는데..","헨리 유스트,아리엘 슐만","소피아 블랙 디엘리아,애널리 팁튼,트래비스 토프",,
https://movie-phinf.pstatic.net/20160720_154/14689972990436CCOJ_JPEG/movie_image.jpg?type=m203_290_2,해피 버스데이!,"Happy Birthday!
					
					, 
					2016",,,케이시 테보,"바네사 렝기스,트리스틴 메이스,매튜 윌릭",,
https://movie-phinf.pstatic.net/20171030_113/15093310622251GtNg_JPEG/movie_image.jpg?type=m203_290_2,해피 데스데이,"Happy Death Day
					
					, 
					2017",관람객 평점 8.31점,,크리스토퍼 랜던,"제시카 로테,이스라엘 브로우사드",,
https://movie-phinf.pstatic.net/20171030_113/15093310622251GtNg_JPEG/movie_image.jpg?type=m203_290_2,해피 데스데이,"Happy Death Day
					
					, 
					2017",관람객 평점 8.31점,,크리스토퍼 랜던,"제시카 로테,이스라엘 브로우사드",,
https://movie-phinf.pstatic.net/20111222_153/1324527825496MUV0z_JPEG/movie_image.jpg?type=m203_290_2,오래된 정원,"The Old Garden
					
					, 
					2007",관람객 평점 없음,,임상수,"염정아,지진희",,
https://movie-phinf.pstatic.net/20111223_139/1324581156922AnCdY_JPEG/movie_image.jpg?type=m203_290_2,이장과 군수,"Small Town Rivals
					
					, 
					2007",관람객 평점 없음,"평화롭고 한적한 충청도 산골마을 강덕군 산촌 2리. 마을 단합대회를 열던 날, 마을 이장의 갑작스러운 죽음으로 인해 산촌 2리는 새로운 이장을 뽑게 된다. 이번엔 젊은 놈으로 이장을 시키라는 마을 최고어른의 말씀에 의해 자신의 의지와는 상관없이 단독후보로 나서게 된 산촌 2리 대표 노총각 조춘삼(차승원 분)은 얼떨결에 초고속, 최연소 이장으로 전격 선출된다.,  평소 동네 노인네들과 함께 고스톱치기를 일삼고 치매에 걸린 아버지를 부양하던 평범한 시골 노총각 춘삼은 갑작스러운 이장 감투가 부담스럽기만 하다. 그러던 어느 날 춘삼은 어린 시절, 자기 밑에서 꼬봉 노릇이나 하던 노대규(유해진 분)가 군수에 출마한다는 소식을 접하게 되고, 묘한 경쟁심과 시기심에 사로잡힌다. 결국 대규가 최연소 군수가 되고 이들은 과거의 만년 반장과 부반장에서 이장과 군수라는 뒤바뀐 위치로 재회한다.,  산촌2리를 휘어잡던 얼짱, 몸짱에 반장출신의 현직 이장 춘삼과 어린시절 춘삼에게 치인 아픈 기억 때문에 더 생색을 내는 군수 대규는, 한때 잘 나갔던 과거에 대한 자존심을 내세우는 춘삼의 주도 면밀한 딴지걸기로 사사건건 충돌하게 되는데… 사사건건 시비에 오나가나 딴지! 초코파이로 시작된 이들의 머쉬멜로우만큼 질긴 인연은 과연 어떻게 정리될 것인가!!!",장규성,"차승원,유해진","10,10,10,10,10","이거 삼시세끼때문에 평점 역주행 할 것 같아...  ,평점이 왜이러냐 칠년째 소장하고 우울할때마다 봐서 백번은 본듯ㅋㅋ재미와 감동 스토리구성도 최고ㅋ  ,좀 필요없는 야한 부분이 있지만 재미있는 영화이다  ,난 재밌게봤다 똥참는 장면 특히 푸하하하  ,재미가있다재미지다재미져  "
https://movie-phinf.pstatic.net/20111222_36/1324558778398r77Tm_JPEG/movie_image.jpg?type=m203_290_2,여선생 VS 여제자,"Lovely Rivals
					
					, 
					2004",관람객 평점 없음,,장규성,"염정아,이세영,이지훈",,
https://movie-phinf.pstatic.net/20111222_105/1324516191491Aqcs0_JPEG/movie_image.jpg?type=m203_290_2,아홉살 인생,"When I Turned Nine
					
					, 
					2004",관람객 평점 없음,"아홉 살, 산동네 초등학교 3학년인 여민은 챙길 것이 너무 많은 속 깊은 사나이다. 친구들을 괴롭히는 쌈짱 '검은 제비'를 제압하여 동네의 평화를 지키는가 하면, 누나와 외롭게 살아가는 기종과 도시락을 나누어 먹고, 눈을 다친 어머니의 색안경을 구입하기 위해 아이스케키 장사도 한다. 한 마디로 가난한 부모의 착하고 듬직한 아들이자, 학교에선 주먹도 세고 의리도 넘치는 멋진 친구. 받아쓰기도 척척 해내고, 구구단도 술술 외며 세상에 대해 많이 배웠다고 느끼던 아홉 살 그 해. 여민에게 모든 것은 명료해보였다.,  어느 날, 서울에서 새침도도한 소녀 장우림이 같은 반으로 전학오면서 여민의 평탄한 인생은 일순간 혼돈의 구렁텅이에 빠지고 만다. 난생 처음 느껴보는 묘한 설레임이 이 사나이를 흔들어 놓은 것. 동네 총각 팔봉이형에게 조언도 구해보지만 그는 자기 연애문제 해결하는데만 급급해한다. 결국, 편지를 통해 우림에게 사랑을 전하는 여민. 하지만 담임 선생님 손에 들어간 이 편지는 만천하에 공개되고, 꼬이기 시작한 연애전선은 급기야 여민이 우림의 돈을 훔쳤다는 누명까지 쓰게 만든다. 여민이 도와주려 했던 주위 사람들의 사랑, 일 모두가 어긋나면서 여민의 아홉수 시련은 절정에 다다르는데...,  과연 일, 사랑, 우정, 가족... 이 모든 난관을 이기고 여민이는 첫번째 아홉수를 무사히 넘길 수 있을까?",윤인호,"김석,이세영,나아현","10,10,10,9,10","잔잔하네요 감동!  ,여민이,우림이도 연기잘하지만 오금복이도 보통 아니네요. 참 훈훈하고 따뜻하고 잔잔한 감동이 있는 넘 좋은 영화. 다시 보고 싶어요 .ㅜㅜ  ,아련한 첫사랑과 그때 그 시절 친구들, 주변 사람들을 생각나게 하는 영화. 아역들은 현재 20대지만 개개인의 추억처럼 영화 속에 초등학생인 모습으로 영원히 남아있다. 원작소설을 읽고 보는 걸 추천.  ,어떻게 초등학교 아이들의 사랑이야가 감동을 시켰을까.무척 시시하고 유치할것 같은 아홉살이지만, 아홉살에게도 사랑이 있고감정이란게 있고 인생이 있다. 그리고  그것을 영화로 아주 잘 나타내주었다. 어린아홉살도 사랑할때만큼은 어른같다. 참 풋풋하다  ,요즘 말도안되는 뻔한 망상 연애 드라마보다 훨씬 감동을 주는 영화... 진짜 순수한 사랑이 이런거지...  "
https://movie-phinf.pstatic.net/20111222_71/1324560524659M2GQd_JPEG/movie_image.jpg?type=m203_290_2,선생 김봉두,"Teacher Mr. Kim
					
					, 
					2003",관람객 평점 없음,"서울의 잘나가는 초등학교 선생인 김봉두(차승원 분)는 아이들보다 한술 더 떠 지각을 밥먹듯이 하고, 교장 선생에게 매일매일 혼나는 이른바 문제 선생이다. 교재 연구보다는 술을 더 좋아하고, 학부모들의 각종 돈봉투를 적극 권장, 장려하던 어느날, 꼬리가 길면 잡히는 법이라더니 김봉두는 봉투 사건으로 인해 오지의 시골분교로 발령된다.,  휴대폰도 터지지 않고, 외제담배는 커녕 국산담배도 구할 수 없는 오지의 마을로 쫓겨난 김봉두. 전교생이라고는 달랑 5명. 더구나 돈봉투는 커년 각종 채소, 김치, 과일 등을 나누어 주는 너무도 순진한 마을사람들의 모습 또한 그에게는 불만이다. 1교시 자습, 2교시 미술, 3교시 체육… 하루라도 빨리 서울로 돌아갈 날을 기다리면서 허송세월을 보내고 있던 김선생. 한술 더 떠 괴팍스러운 최노인은 글을 가르쳐달라고 생떼를 쓰는 등 김선생의 시골살이는 더더욱 암울해 보인다.,  하루빨리 서울로 재입성 기회를 노리던 김봉두는 전교생을 전학보내고, 학교를 폐교할 계획을 세운다. 우선 아이들 개개인의 특기를 살려주기 위해 방과후 특별과외에 매달리는 김선생. 그런 김선생의 시꺼먼 속마음과 달리 오히려 마을 사람과 교육청에서는 훌륭한 김봉두 선생으로 인해 분교폐지 방침을 재고하는 계기가 된다. 그러나 하늘이 무너져도 봉두가 솟아날 구멍은 있는 법. 마을에는 갑자기 학교를 서바이벌 게임장으로 만들겠다는 사업가가 등장하고 김봉두는 그들로 인해 그동안 잊고 지내던 돈봉투의 위력을 맛보는데… 철부지 선생 김봉두는 과연 이런 난관을 뚫고 서울입성에 성공할 수 있을 것인가?",장규성,차승원,"10,10,10,8,7","다시는 돌아갈 수 없는 우리네 따뜻했던 이야기..아이들에게 동심이 없어진 오늘날을 바라보며 다시금 그리움을 느껴봅니다..  ,웃기면서도 감동적인 영화. 억지로 감정을 끌어내는 영화가아닌 속에서부터 우러나오는 눈물과 감동! 잔잔하면서 몇번을 봐도 재밌는 영화  ,잔잔하니 밀려오는 여운이 길어요.. 차승원씨도 명배우라 불릴 자격이 있으십니다.  ,유년 시절을 추억하며... 그립다 내 어린시절아.  ,볼만한 코미디물 교육계의 단면을 보여준 영화.  "
https://movie-phinf.pstatic.net/20140703_188/1404376198760Q1Wil_JPEG/movie_image.jpg?type=m203_290_2,덤벨스,"Dumbbells
					
					, 
					2014",,"부상으로 NBA 진출이 좌절되고 애인마저 자신을 떠나버린 크리스는 헬스클럽에 겨우 일자리를 구한다. 새로 온 사장 잭은 헬스클럽을 살리기 위해 섹시 짐내스틱 쇼를 제작하지만, 쇼는 처음부터 엉망이 되어버리고 잭은 파산하게 되는데… 그들은 과연 헬스클럽을 살릴 수 있을까?",크리스토퍼 리빙스톤,"브라이언 드로렛,호이트 리처즈,제릴 화이트",,
https://movie-phinf.pstatic.net/20111222_36/1324558778398r77Tm_JPEG/movie_image.jpg?type=m203_290_2,여선생 VS 여제자,"Lovely Rivals
					
					, 
					2004",관람객 평점 없음,,장규성,"염정아,이세영,이지훈",,
https://movie-phinf.pstatic.net/20111222_36/1324558778398r77Tm_JPEG/movie_image.jpg?type=m203_290_2,여선생 VS 여제자,"Lovely Rivals
					
					, 
					2004",관람객 평점 없음,,장규성,"염정아,이세영,이지훈",,
https://movie-phinf.pstatic.net/20161109_134/1478666280662a7ldM_JPEG/movie_image.jpg?type=m203_290_2,작은 형,"Unwanted Brother
					
					, 
					2014",관람객 평점 8.83점,,심광진,"전석호,진용욱,민지아",,
https://movie-phinf.pstatic.net/20180409_216/1523237427824JU3OT_JPEG/movie_image.jpg?type=m203_290_2,"그날, 바다","Intention
					
					, 
					2018",관람객 평점 9.82점,"2014년 4월 16일, 세월호가 침몰했다. , 8시 30분경과 8시 50분경으로 사고 발생 시간에 대한 진술은 엇갈리고, , 세월호의 항로를 기록한 데이터는 각기 다르게 기록되거나 사라졌다. , 과학적인 분석과 자료 수집, 4년간의 치밀한 조사로, 오직 팩트로만 아직 아무것도 밝혀지지 않은 그날을 추적한다.,  , 잊을 수 없는 '그날', 모든 걸 알고 있는 '바다', 증거에 증거로 답해야 할 것이다!",김지영,정우성,"10,10,10,10,10","이 영화는 일반 상업영화와는 다르게, 직접 시민분들이 십시일반 펀딩을 통해 제작비를 모아서  만든영화에요.그러니 세월호로 돈을 번다느니 그런 오해는 안해주셨으면 좋겠어요 그리구 배우 정우성님을 포함한 김지영감독님 및 총수까지 모두 노고에 감사드려요:)  ,너무나 과학적으로 엄밀하게 구성되어 반박할수가 없었다  ,눈물 펑펑 흘릴 줄 알고 준비한 휴지는 한 장도 쓰지 않았다. 이제 시작이다.  ,곤지암보다 더 무섭다... 이건 다큐가 아니라 공포다.  ,20OOO 4월 11일(수), 19:50(6회)  롯데시네마에서 봤습니다. 알바 아니고 평점도 처음 써봐요,  진짜 꼭 보세요 보면서 소름소름이,,  "
https://movie-phinf.pstatic.net/20180430_157/1525055069155UyYXg_JPEG/movie_image.jpg?type=m203_290_2,버닝,"BURNING
					
					, 
					2018",관람객 평점 7.82점,"유통회사 알바생 종수(유아인)는 배달을 갔다가 어릴 적 같은 동네에서 살았던 해미(전종서)를 만나고,, 그녀에게서 아프리카 여행을 간 동안 자기가 키우는 고양이를 돌봐 달라는 부탁을 받는다., 여행에서 돌아온 해미는 아프리카에서 만난 벤(스티븐 연)이라는 정체불명의 남자를 종수에게 소개한다., , 어느 날 벤은 해미와 함께 종수의 집으로 찾아와 자신의 비밀스러운 취미에 대해 고백한다., 그때부터 종수는 무서운 예감에 사로잡히게 되는데...",이창동,"유아인,스티븐 연,전종서","10,10,10,8,1","뷔페미니스트 학살자 빛아인. 당신을 응원합니다.  ,영화 ㅈ꿀잼임 평점은 안보는게날듯 왜냐하면좀있음여초에서좌표찍고 평테오니까  ,유아인때문에 안봐? 애초에 이창동 감독님영화 보기는했니?  ,배우들의 논란들을 별개로, 연출과 연기는 훌륭하다. 미스터리한 상황들을 통해 하고싶은 이야기를 결국 끝까지 하고야마는 이창동 감독의 연출력이 가장 크게 빛을 발하며, 지금의 사회가 청춘을 대하는 태도가 영화에서 잘 드러난다.  ,나는 사실 모르겠다 이영화가 뭘 말하자고자 하는지를..  "
https://movie-phinf.pstatic.net/20190116_206/1547615429111dINWj_JPEG/movie_image.jpg?type=m203_290_2,극한직업,"Extreme Job
					
					, 
					2018",관람객 평점 9.20점,"불철주야 달리고 구르지만 실적은 바닥, 급기야 해체 위기를 맞는 마약반!, 더 이상 물러설 곳이 없는 팀의 맏형 고반장은 국제 범죄조직의 국내 마약 밀반입 정황을 포착하고, 장형사, 마형사, 영호, 재훈까지 4명의 팀원들과 함께 잠복 수사에 나선다., 마약반은 24시간 감시를 위해 범죄조직의 아지트 앞 치킨집을 인수해 위장 창업을 하게 되고,, 뜻밖의 절대미각을 지닌 마형사의 숨은 재능으로 치킨집은 일약 맛집으로 입소문이 나기 시작한다., 수사는 뒷전, 치킨장사로 눈코 뜰 새 없이 바빠진 마약반에게 어느 날 절호의 기회가 찾아오는데…, , 범인을 잡을 것인가, 닭을 잡을 것인가!",이병헌,"류승룡,이하늬,진선규","10,8,10,10,10","일단 진선규님께 박수갈채도 부족함 진짜 연기를 다양하게 잘하셔서 놀랐어요 오랜만에 부담없이 진짜 코미디 영화를 본거 같아서 즐거웠어요 조조로 할인빋고 봤는데 제값줘도 만족할거같습니당 밤새다 할거없이 봤는데 웃겨서 힘빠짐  ,류승룡 드디어 심폐소생술 성공!  ,진짜 뻥안치고 ㅈㄴ 웃겼다  ,계속 웃으면서 봤어요!""지금까지 이런맛은 없었다이것은 갈비인가 통닭인가수원왕갈비통닭입니다.""이 대사가 귓가에 계속 맴도네요 ㅎㅎ  ,지금까지 이런 영화는 없었다  이것은 영화인가 통닭광고인가  "
https://movie-phinf.pstatic.net/20181123_36/1542956277015JmOTd_JPEG/movie_image.jpg?type=m203_290_2,스윙키즈,"Swing Kids
					
					, 
					2018",관람객 평점 8.94점,"1951년 한국전쟁, 최대 규모의 거제 포로수용소., 새로 부임해 온 소장은 수용소의 대외적 이미지 메이킹을 위해 , 전쟁 포로들로 댄스단을 결성하는 프로젝트를 계획한다., , 수용소 내 최고 트러블메이커 ‘로기수’(도경수),, 무려 4개 국어가 가능한 무허가 통역사 ‘양판래’(박혜수),, 잃어버린 아내를 찾기 위해 유명해져야 하는 사랑꾼 ‘강병삼’(오정세),, 반전 댄스실력 갖춘 영양실조 춤꾼 ‘샤오팡’(김민호),, 그리고 이들의 리더, 전직 브로드웨이 탭댄서 ‘잭슨’(자레드 그라임스)까지, 우여곡절 끝에 한 자리에 모인 그들의 이름은 ‘스윙키즈’!, 각기 다른 사연을 갖고 춤을 추게 된 그들에게 첫 데뷔 무대가 다가오지만, , 국적, 언어, 이념, 춤 실력, 모든 것이 다른 오합지졸 댄스단의 앞날은 캄캄하기만 한데…!",강형철,"디오,자레드 그라임스,박혜수","10,6,10,10,10","재밌으면 추천 재미없으면 비추 눌러주세요  ,스윙키즈가 낫다ㅡ공감 vs 마약왕이 낫다ㅡ비공  ,엄한 데에 헛스윙 말고 스윙키즈나 보라우. 연말연초 모두 다 같이 쟈스트댄스.  ,도경수의 연기 참 성장하구나^^  ,조조로 딸이랑 보고왓는데 감동도 있고 웃음도 있네요  "
https://movie-phinf.pstatic.net/20180904_100/15360498809049GYUi_JPEG/movie_image.jpg?type=m203_290_2,밤빛,"night light
					
					, 
					2018",,"어느 추운 겨울, 시한부 선고를 받은 남자는 10년 전 헤어진 아내에게 온 편지 한 통을 받는다. 태어나기도 전에 헤어져 얼굴도 모르는 아들을 잠시 보낸다는 내용이다. 남자는 기차역에서 어린 아들을 만나고, 함께 산속 집에서 2박3일을 지낸다. , , [제23회 부산국제영화제]",김무영,"송재룡,지대한",,
